{
  "project_info": {
    "project_number": "214557489711",
    "firebase_url": "https://calllog-eb2ed.firebaseio.com",
    "project_id": "calllog-eb2ed",
    "storage_bucket": "calllog-eb2ed.appspot.com"
  },
  "client": [
    {
      "client_info": {
        "mobilesdk_app_id": "1:214557489711:android:c21580c98ef6fe53",
        "android_client_info": {
          "package_name": "com.example.desktopn.a5_8proveedorcontenidoscalllog"
        }
      },
      "oauth_client": [
        {
          "client_id": "214557489711-287ceij08nbuvj5j7ieb20k6ojebuegv.apps.googleusercontent.com",
          "client_type": 1,
          "android_info": {
            "package_name": "com.example.desktopn.a5_8proveedorcontenidoscalllog",
            "certificate_hash": "517cc9ae847eba8b4ddbf159fb403839776fa965"
          }
        },
        {
          "client_id": "214557489711-vcscsr6du29biemvgkms7pin1d8frc5c.apps.googleusercontent.com",
          "client_type": 3
        },
        {
          "client_id": "214557489711-vcscsr6du29biemvgkms7pin1d8frc5c.apps.googleusercontent.com",
          "client_type": 3
        }
      ],
      "api_key": [
        {
          "current_key": "AIzaSyB8nTlljrS7ClaNHKRjoQfCymPRVfCyrKw"
        }
      ],
      "services": {
        "analytics_service": {
          "status": 1
        },
        "appinvite_service": {
          "status": 2,
          "other_platform_oauth_client": [
            {
              "client_id": "214557489711-vcscsr6du29biemvgkms7pin1d8frc5c.apps.googleusercontent.com",
              "client_type": 3
            }
          ]
        },
        "ads_service": {
          "status": 2
        }
      }
    }
  ],
  "configuration_version": "1"
}